{
  "alternate_info": {
    "precision": 0.5555555555555556,
    "recall": 0.7142857142857143,
    "f1-score": 0.6250000000000001,
    "support": 7,
    "confused_with": {
      "not_alternate_info": 2
    }
  },
  "not_order_status": {
    "precision": 0.8,
    "recall": 0.5714285714285714,
    "f1-score": 0.6666666666666666,
    "support": 7,
    "confused_with": {
      "order_status": 3
    }
  },
  "not_sizing_clarification": {
    "precision": 1.0,
    "recall": 0.2,
    "f1-score": 0.33333333333333337,
    "support": 5,
    "confused_with": {
      "sizing_clarification": 3,
      "not_payment_methods": 1
    }
  },
  "not_alternate_info": {
    "precision": 0.3333333333333333,
    "recall": 0.2,
    "f1-score": 0.25,
    "support": 5,
    "confused_with": {
      "alternate_info": 4
    }
  },
  "order_status": {
    "precision": 0.6,
    "recall": 0.8571428571428571,
    "f1-score": 0.7058823529411764,
    "support": 7,
    "confused_with": {
      "not_order_status": 1
    }
  },
  "not_order_return": {
    "precision": 0.6666666666666666,
    "recall": 0.6666666666666666,
    "f1-score": 0.6666666666666666,
    "support": 6,
    "confused_with": {
      "not_product_stock": 1,
      "not_order_cancel": 1
    }
  },
  "oreder_return": {
    "precision": 1.0,
    "recall": 0.8333333333333334,
    "f1-score": 0.9090909090909091,
    "support": 6,
    "confused_with": {
      "not_order_return": 1
    }
  },
  "not_product_updates": {
    "precision": 0.3333333333333333,
    "recall": 0.3333333333333333,
    "f1-score": 0.3333333333333333,
    "support": 6,
    "confused_with": {
      "not_discount_code": 2,
      "product_updates": 2
    }
  },
  "not_price_match": {
    "precision": 0.6,
    "recall": 0.75,
    "f1-score": 0.6666666666666665,
    "support": 4,
    "confused_with": {
      "price_match": 1
    }
  },
  "not_discount_code": {
    "precision": 0.5714285714285714,
    "recall": 0.4,
    "f1-score": 0.47058823529411764,
    "support": 10,
    "confused_with": {
      "discount_code": 4,
      "not_price_match": 1
    }
  },
  "price_match": {
    "precision": 0.8571428571428571,
    "recall": 0.75,
    "f1-score": 0.7999999999999999,
    "support": 8,
    "confused_with": {
      "not_price_match": 1,
      "discount_code": 1
    }
  },
  "discount_code": {
    "precision": 0.5833333333333334,
    "recall": 0.875,
    "f1-score": 0.7000000000000001,
    "support": 8,
    "confused_with": {
      "not_discount_code": 1
    }
  },
  "payment_methods": {
    "precision": 0.6,
    "recall": 0.42857142857142855,
    "f1-score": 0.5,
    "support": 7,
    "confused_with": {
      "not_payment_methods": 2,
      "product_stock": 1
    }
  },
  "not_order_cancel": {
    "precision": 0.0,
    "recall": 0.0,
    "f1-score": 0.0,
    "support": 6,
    "confused_with": {
      "order_cancel": 5,
      "not_order_return": 1
    }
  },
  "product_updates": {
    "precision": 0.6,
    "recall": 0.375,
    "f1-score": 0.4615384615384615,
    "support": 8,
    "confused_with": {
      "not_product_updates": 4,
      "not_order_cancel": 1
    }
  },
  "sizing_clarification": {
    "precision": 0.6666666666666666,
    "recall": 0.8571428571428571,
    "f1-score": 0.75,
    "support": 7,
    "confused_with": {
      "order_status": 1
    }
  },
  "not_payment_methods": {
    "precision": 0.375,
    "recall": 0.6,
    "f1-score": 0.4615384615384615,
    "support": 5,
    "confused_with": {
      "payment_methods": 2
    }
  },
  "not_product_stock": {
    "precision": 0.5,
    "recall": 0.3333333333333333,
    "f1-score": 0.4,
    "support": 6,
    "confused_with": {
      "product_stock": 2,
      "not_order_cancel": 1
    }
  },
  "order_cancel": {
    "precision": 0.5,
    "recall": 0.8333333333333334,
    "f1-score": 0.625,
    "support": 6,
    "confused_with": {
      "not_order_cancel": 1
    }
  },
  "product_stock": {
    "precision": 0.6666666666666666,
    "recall": 0.8571428571428571,
    "f1-score": 0.75,
    "support": 7,
    "confused_with": {
      "not_product_stock": 1
    }
  },
  "micro avg": {
    "precision": 0.5846153846153846,
    "recall": 0.5801526717557252,
    "f1-score": 0.582375478927203,
    "support": 131
  },
  "macro avg": {
    "precision": 0.5904563492063492,
    "recall": 0.5717857142857143,
    "f1-score": 0.5537652543534897,
    "support": 131
  },
  "weighted avg": {
    "precision": 0.5969617108930086,
    "recall": 0.5801526717557252,
    "f1-score": 0.5639435441074417,
    "support": 131
  },
  "accuracy": 0.5801526717557252
}